compoundname	ko	cpd	referenceAG	SMILES	ChEBI
(+)-(3S,4R)-cis-3,4-Dihydroxy-3,4-dihydrofluorene	K14578, K14579, K14580, K14581	C07721	ATSDR, WFD, PSL, EPC	O[C@H]1C=CC2=C([C@H]1O)c1ccccc1C2	28234
(+)-cis-3,4-Dihydrophenanthrene-3,4-diol	K11943, K11944, K18257	C04468	PSL, ATSDR, EPC, WFD	O[C@H]1C=Cc2ccc3ccccc3c2[C@H]1O	15386
(3S,4R)-3,4-Dihydroxycyclohexa-1,5-diene-1,4-dicarboxylate	K18074, K18075, K18076, K18077	C06318	PSL, WFD, ATSDR, EPC	O[C@H]1C=C(C=C[C@]1(O)C(O)=O)C(O)=O	15564
(3Z)-4-(2-Carboxyphenyl)-2-oxobut-3-enoate	K11948, K11949	C16149	EPC, PSL, ATSDR, WFD	OC(=O)C(=O)\C=C/c1ccccc1C(O)=O	49222
(R)-(2,4-Dichlorophenoxy)propanoate	K21729	C20685	IARC2B	NA	NA
(S)-(2,4-Dichlorophenoxy)propanoate	K21728	C20687	IARC2B	NA	NA
1,1,1,2-Tetrachloroethane	K21647	C14705	IARC2B, ATSDR	ClCC(Cl)(Cl)Cl	34024
1,1,1-Trichloroethane	K16157, K16158, K16159, K16161	C18246	ATSDR, EPA, PSL, CONAMA	CC(Cl)(Cl)Cl	36015
1,1,2,2-Tetrachloroethane	K00494, K15852, K15853, K15854, K17228, K21281, K21647, K21648	C19534	IARC2B, PSL, ATSDR, EPA	ClC(Cl)C(Cl)Cl	36026
1,1,2-Trichloroethane	K17070, K21647	C19536	ATSDR, EPA	ClCC(Cl)Cl	36018
1,1-Dichloro-2,2-bis(4-chlorophenyl)ethylene	K15750, K18087, K18088, K22678	C04596	ATSDR, CONAMA, EPA	ClC(Cl)=C(C1=CC=C(Cl)C=C1)C1=CC=C(Cl)C=C1	16598
1,1-Dimethylhydrazine	K00485, K00643	C19233	IARC2B	CN(C)N	18853
1,2,4-Trichlorobenzene	K16268, K18089, K18090	C06594	ATSDR, PSL, EPC, CONAMA, EPA, WFD	Clc1ccc(Cl)c(Cl)c1	28222
1,2-Anthracenediol	K14582	C16204	EPC, PSL, WFD, ATSDR	Oc1ccc2cc3ccccc3cc2c1O	80376
1,2-Dibromo-3-chloropropane	K21569	C14336	IARC2B, ATSDR	ClCC(Br)CBr	34044
1,2-Dibromoethane	K00799, K13299, K21253, K21264, K21265, K21888, K23790, K25210	C11088	ATSDR, IARC2A	BrCCBr	28534
1,2-Dichlorobenzene	K21569	C14328	PSL, CONAMA, EPA, ATSDR	Clc1ccccc1Cl	35290
1,2-Dihydrophthalic acid	K16269	C16215	PSL, ATSDR, WFD, EPC	OC(=O)C1C=CC=CC1C(O)=O	80385
1,2-Epoxybutane	K10944, K10945, K10946, K16157, K16158, K16159, K16160, K16161, K16162, K21820, K22353, K22354, K22355, K22356, K22357, K22358, K22359, K22360, K22361, K22362	C19237	IARC2B	CCC1CO1	82326
1,2-Epoxypropane	K22353, K22354, K22357, K22358, K22359	C15508	IARC2B	[H]C1(C)CO1	38685
1,3-Butadiene	K10944, K10945, K10946	C16450	PSL, ATSDR, IARC1	C=CC=C	39478
1,3-Dichloro-2-propanol	K00005, K22251	C14399	IARC2B	OC(CCl)CCl	18917
1,3-Dichlorobenzene	K16268, K21569, K21647, K21648	C19397	ATSDR, CONAMA, EPA	Clc1cccc(Cl)c1	36693
1,4-Dichlorobenzene	K16268, K18089, K18090	C07092	CONAMA, IARC2B, EPA, PSL, ATSDR	Clc1ccc(Cl)cc1	28618
1,4-Dioxane	K00001, K00005, K00421, K00430, K10788, K11188, K12550, K19511, K21201	C14440	ATSDR, IARC2B	C1COCCO1	47032
1-Chloro-2-methylpropene	K16268	C19206	IARC2B	CC(C)=CCl	82300
1-Hydro-1,1a-dihydroxy-9-fluorenone	K14599, K14600, K14601	C16262	PSL, EPC, ATSDR, WFD	O[C@@H]1C=CC=C2c3ccccc3C(=O)[C@@]12O	80405
1-Hydroxy-2-naphthaldehyde	K11946, K11947	C11427	ATSDR, EPC, WFD, PSL	Oc1c(C=O)ccc2ccccc12	28091
1-Hydroxy-2-naphthoate	K00480, K11947, K11948, K14586	C03203	EPC, PSL, ATSDR, WFD	Oc1c(ccc2ccccc12)C([O-])=O	15992
1-Nitropyrene	K00157	C14421	IARC2A	[O-][N+](=O)c1ccc2ccc3cccc4ccc1c2c34	34107
1-Organyl-2-lyso-sn-glycero-3-phosphocholine	K13278, K13510, K13512, K13515, K13519, K14621, K14674, K16342, K16343, K16794, K16795, K16817, K26511	C04317	PSL	C[N+](C)(C)CCOP([O-])(=O)OC[C@H](O)CO[*]	30909
2,2',3,3',4',5,5'-Heptachloro-4-biphenylol	K00699	C14726	EPC	Oc1c(Cl)cc(c(Cl)c1Cl)-c1cc(Cl)c(Cl)c(Cl)c1Cl	34194
2,2',4,4'-Tetrachlorobiphenyl	K15750	C14247	IARC1, ATSDR	Clc1ccc(c(Cl)c1)-c1ccc(Cl)cc1Cl	34204
2,2',5,5'-Tetrachlorobiphenyl	K15750	C14199	IARC1, ATSDR	Clc1ccc(Cl)c(c1)-c1cc(Cl)ccc1Cl	34206
2,3',5-Trichlorobiphenyl	K15750	C14358	ATSDR, IARC1	Clc1cccc(c1)-c1cc(Cl)ccc1Cl	34215
2,3,3',4,5-Pentachlorobiphenyl	K13996, K22519, K22520, K22521, K24335	C14365	ATSDR, IARC1	Clc1cccc(c1)-c1cc(Cl)c(Cl)c(Cl)c1Cl	34216
2,3,7,8-Tetrachlorodibenzodioxin	K00157, K11155, K11156	C07557	EPC, PSL, EPA, WFD, ATSDR	Clc1cc2Oc3cc(Cl)c(Cl)cc3Oc2cc1Cl	28119
2,3-Dihydroxy-2'-carboxybiphenyl	K14601, K14602, K14603	C16263	EPC, PSL, WFD, ATSDR	OC(=O)c1ccccc1-c1cccc(O)c1O	80406
2,3-Dihydroxy-4'-chlorobiphenyl	K00462	C06586	ATSDR, IARC1	Oc1cccc(-c2ccc(Cl)cc2)c1O	28979
2,4,5-Trichlorophenol	K15243, K15244, K15245, K15246	C07101	ATSDR, CONAMA	Oc1cc(Cl)c(Cl)cc1Cl	28520
2,4,5-Trichlorophenoxyacetic acid	K15243, K15244	C07100	IARC2B	OC(=O)COc1cc(Cl)c(Cl)cc1Cl	27903
2,4,6-Trichlorophenol	K15245, K15246, K24293	C07098	CONAMA, EPA, ATSDR, IARC2B	Oc1c(Cl)cc(Cl)cc1Cl	28755
2,4-Dichlorophenol	K10676, K21728, K21729	C02625	CONAMA, EPA, ATSDR	Oc1ccc(Cl)cc1Cl	16738
2,4-Dimethylphenol	K20200	C14582	ATSDR, EPA	CC1=CC(C)=C(O)C=C1	34241
2,4-Dinitrophenol	K20837	C02496	EPA, ATSDR	Oc1ccc(cc1[N+]([O-])=O)[N+]([O-])=O	42017
2,4-Dinitrotoluene	K14578, K14579, K14580, K14581	C11006	EPA, ATSDR, IARC2B	Cc1ccc(cc1[N+]([O-])=O)[N+]([O-])=O	920
2,4-Hexadienal	K00002, K10797, K13948, K13949, K20802, K21253, K21264, K21265, K21888, K23790, K25210	C19249	IARC2B	C(/C=C/C=C/C)([H])=O	82334
2,5-Dichlorobiphenyl	K15750	C14354	IARC1, ATSDR	Clc1ccc(Cl)c(c1)-c1ccccc1	34246
2,6-Dichlorobiphenyl	K15750	C14355	IARC1, ATSDR	Clc1cccc(Cl)c1-c1ccccc1	34249
2,6-Dimethylaniline	K15743, K24085	C11004	IARC2B	Cc1cccc(C)c1N	28738
2,6-Dinitrotoluene	K14578, K14579	C11008	IARC2B, EPA, ATSDR	Cc1c(cccc1[N+]([O-])=O)[N+]([O-])=O	957
2-(4-Chlorophenoxy)propionic acid	K12298	C13701	IARC2B	CC(Oc1ccc(Cl)cc1)C(O)=O	34603
2-Amino-1-methyl-6-phenylimidazo[4,5-b]pyridine	K00362, K00363, K00490, K14338, K17685, K17687, K17690, K17691, K17692, K17712, K17718, K17720, K17728, K17729, K17730, K18104	C16038	IARC2B	Cn1c(N)nc2ncc(cc12)-c1ccccc1	76290
2-Carboxybenzaldehyde	K11949, K18275	C03057	PSL, EPC, ATSDR, WFD	[H]C(=O)c1ccccc1C(O)=O	17605
2-Chlorophenol	K00421, K00430, K00446, K00485, K00505, K10676, K12550, K14579, K14580, K15246, K15920, K16239, K19511, K21201, K21647, K21759, K21820, K24293	C14219	EPA, ATSDR, CONAMA	Oc1ccccc1Cl	47083
2-Ethoxyethanol	K00001, K15743, K17193, K24085	C14687	PSL	CCOCCO	46788
2-Hydroxy-2',3',4',5,5'-pentachlorobiphenyl	K00699	C14372	IARC1, ATSDR	Oc1ccc(Cl)cc1-c1cc(Cl)c(Cl)c(Cl)c1Cl	34278
2-Hydroxy-3,5-dichlorobiphenyl	K15750	C14370	ATSDR, IARC1	Oc1c(Cl)cc(Cl)cc1-c1ccccc1	34279
2-Hydroxy-6-oxo-6-(2-carboxyphenyl)-hexa-2,4-dienoate	K14602, K14603, K14604	C16264	PSL, WFD, ATSDR, EPC	OC(=O)C(\O)=C/C=C\C(=O)c1ccccc1C(O)=O	80407
2-Methylnaphthalene	K14578, K14579, K14580, K14581, K15567, K15568	C14098	ATSDR	Cc1ccc2ccccc2c1	50720
2-Naphthylamine	K00622, K00681, K19701, K22757	C02227	IARC1	Nc1ccc2ccccc2c1	27878
2-Nitropropane	K00459, K19823	C02116	IARC2B	CC(C)[N+]([O-])=O	16037
2-Nitrotoluene	K14579, K14580, K15057	C19597	IARC2A	Cc1ccccc1[N+]([O-])=O	33098
3,3',4,4',5-Pentachlorobiphenyl	K22368	C14573	IARC1, ATSDR	Clc1ccc(cc1Cl)-c1cc(Cl)c(Cl)c(Cl)c1	34317
3,3'-Dimethoxybenzidine	K00404, K00405, K00406, K00407, K27109	C19231	IARC2B	COc1cc(ccc1N)-c1ccc(N)c(OC)c1	82321
3,3'-Dimethylbenzidine	K00421, K00431	C14443	IARC2B	Cc1cc(ccc1N)-c1ccc(N)c(C)c1	34320
3,4-Dichlorophenol	K10676, K13996, K15246, K21569, K21647, K22519, K22520, K22521, K24293, K24335, K25230	C14462	CONAMA	Oc1ccc(Cl)c(Cl)c1	34323
3,4-Dihydroxybenzoate	K00448, K00449, K00481, K15066, K15652, K18076, K18256, K19065, K20218, K24110, K25916, K26400	C00230	ATSDR, WFD, EPC, PSL	C(=O)(C1=CC(=C(C=C1)O)O)O	36062
3,4-Dihydroxyphthalate	K18255, K18256	C03223	WFD, PSL, ATSDR, EPC	OC(=O)c1ccc(O)c(O)c1C(O)=O	17416
3-Carboxy-cis,cis-muconate	K00448, K00449, K14334	C01163	ATSDR, WFD, EPC, PSL	OC(=O)\C=C/C(=C\C(O)=O)C(O)=O	15749
3-Cresol	K15760, K15761, K15762, K15763, K15764, K15765, K22213	C01467	EPA	Cc1cccc(O)c1	17231
3-Hydroxybenzoate	K00141, K18240, K19065, K20458, K22270, K22417	C00587	WFD, EPC, ATSDR, PSL	Oc1cccc(c1)C([O-])=O	16193
4,4'-Dichlorobiphenyl	K00462, K15750	C14248	ATSDR, IARC1	Clc1ccc(cc1)-c1ccc(Cl)cc1	34364
4,4'-Methylene-bis-(2-chloroaniline)	K00622	C10999	ATSDR, IARC1	Nc1ccc(Cc2ccc(N)c(Cl)c2)cc1Cl	28124
4,4'-Methylenedianiline	K00622	C14288	IARC2B	Nc1ccc(Cc2ccc(N)cc2)cc1	32506
4,5-Dihydroxyphthalate	K18067	C03233	ATSDR, PSL, WFD, EPC	OC(=O)c1cc(O)c(O)cc1C(O)=O	17199
4,5-Dihydroxypyrene	K14582	C18250	EPC, WFD, ATSDR, PSL	Oc1c(O)c2cccc3ccc4cccc1c4c23	81601
4-(N-Nitrosomethylamino)-1-(3-pyridyl)-1-butanone	K00078, K00079, K00081, K00084, K00212, K00490, K14338, K15680, K17683, K17685, K17687, K17689, K17690, K17691, K17692, K17712, K17718, K17720, K17728, K17729, K17730, K22418	C16453	IARC1	CN(CCCC(=O)c1cccnc1)N=O	32692
4-Cresol	K15760, K15761, K15762, K15763, K15764, K15765, K18427, K18428, K20200	C01468	ATSDR, EPA	Cc1ccc(O)cc1	17847
4-Methylimidazole	K00683, K00965, K22757	C19262	IARC2B	Cc1c[nH]cn1	40035
4-Nitrophenol	K14379, K14394, K14395, K14410, K19283, K19284, K21725, K21726, K21727, K23458	C00870	EPA, ATSDR	Oc1ccc(cc1)[N+]([O-])=O	16836
4-Nonylphenol	K00070, K00490, K15680, K16045, K22418, K26407	C14550	WFD, PSL, EPC	CCCCCCCCCc1ccc(O)cc1	34440
4-Octylphenol	K15680	C14132	EPC, WFD	CCCCCCCCc1ccc(O)cc1	34432
4-tert-Octylphenol	K00545, K15680, K22418	C14205	EPC, WFD	CC(C)(C)CC(C)(C)c1ccc(O)cc1	34445
9,10-Dihydroxybenzo[a]pyrene	K14582	C18278	ATSDR, PSL, WFD, EPC	Oc1ccc2cc3ccc4cccc5ccc(c2c1O)c3c45	81629
AMPA	K00816, K00825, K14264	C13672	WFD	Cc1onc(O)c1CC(N)C(O)=O	34018
Acenaphthene	K00433, K00490, K14338, K14579, K14580, K17685, K17687, K17690, K17691, K17692, K17712, K17718, K17720, K17728, K17729, K17730, K17990, K18104, K20205	C19312	EPA, ATSDR	C1Cc2cccc3cccc1c23	22154
Acetaldehyde	K00001, K00002, K00114, K00119, K00121, K00128, K00129, K00132, K00138, K00149, K00459, K10944, K11440, K12957, K13541, K13951, K13952, K13953, K13954, K13979, K13980, K14028, K14029, K14085, K14286, K14422, K14519, K18365, K18366, K18847, K18857, K19823, K19967, K20036, K20038, K20625, K20801, K22473, K22474, K23363, K24269, K25261, K25262	C00084	IARC1, PSL, IARC2B	[H]C(C)=O	15343
Acetone	K10854, K10855, K10856, K13033, K14577, K18369, K18370, K18371, K18382, K21714, K21715, K23259	C00207	ATSDR	CC(C)=O	15347
Acrylamide	K20807	C01659	IARC2A	NC(=O)C=C	28619
Acrylonitrile	K20807	C01998	IARC2B, EPA, ATSDR, PSL	C=CC#N	28217
Aflatoxin B1	K00490, K14338, K17651, K17683, K17685, K17687, K17689, K17690, K17691, K17692, K17712, K17718, K17720, K17728, K17729, K17730	C06800	IARC1	[H][C@]12OC=C[C@@]1([H])c1c(O2)cc(OC)c2c3CCC(=O)c3c(=O)oc12	2504
Aflatoxin B1-endo-8,9-epoxide	K00490, K14338, K17685, K17687, K17690, K17691, K17692, K17712, K17718, K17720, K17728, K17729, K17730	C19595	IARC1	COc1cc2O[C@H]3O[C@H]4O[C@H]4[C@H]3c2c2oc(=O)c3C(=O)CCc3c12	78586
Aflatoxin B1-exo-8,9-epoxide	K00490, K00799, K13299, K14338, K17683, K17685, K17687, K17689, K17690, K17691, K17692, K17712, K17718, K17720, K17728, K17729, K17730, K21253, K21264, K21265, K21888, K23790, K25210	C19586	IARC1	[H][C@@]12Oc3cc(OC)c4c5CCC(=O)c5c(=O)oc4c3[C@]1([H])[C@@]1([H])O[C@@]1([H])O2	30725
Aflatoxin B1exo-8,9-epoxide-GSH	K00799, K13299, K21253, K21264, K21265, K21888, K23790, K25210	C11278	IARC1	[H][C@]12O[C@@H](SC[C@H](NC(=O)CC[C@H](N)C(O)=O)C(=O)NCC(O)=O)[C@H](O)[C@@]1([H])c1c(O2)cc(OC)c2c3CCC(=O)c3c(=O)oc12	2505
Aflatoxin B2	K17651	C16753	IARC1	[H][C@]12OCC[C@@]1([H])c1c(O2)cc(OC)c2c3CCC(=O)c3c(=O)oc12	48209
Aflatoxin M1	K00490, K14338, K17685, K17687, K17690, K17691, K17692, K17712, K17718, K17720, K17728, K17729, K17730	C16756	IARC1, IARC2B	COc1cc2O[C@H]3OC=C[C@@]3(O)c2c2oc(=O)c3C(=O)CCc3c12	78576
Aflatoxin Q1	K00490, K14338, K17685, K17687, K17689, K17690, K17691, K17692, K17712, K17718, K17720, K17728, K17729, K17730	C19585	IARC1	COc1cc2O[C@H]3OC=C[C@H]3c2c2oc(=O)c3C(=O)C[C@H](O)c3c12	78582
Aflatoxin-M1-8,9-epoxide	K00490, K14338, K17685, K17687, K17690, K17691, K17692, K17712, K17718, K17720, K17728, K17729, K17730	C19594	IARC1	COc1cc2O[C@H]3O[C@@H]4O[C@@H]4[C@@]3(O)c2c2oc(=O)c3C(=O)CCc3c12	78577
Alachlor	K00799, K13299, K21253, K21264, K21265, K21888, K22325, K23790, K25210	C10928	WFD, EPC	CCc1cccc(CC)c1N(COC)C(=O)CCl	2533
Ammonia	K00259, K00260, K00261, K00262, K00263, K00264, K00265, K00266, K00270, K00271, K00272, K00273, K00274, K00275, K00276, K00277, K00278, K00281, K00282, K00283, K00284, K00285, K00361, K00362, K00363, K00364, K00366, K00382, K00531, K00605, K00683, K00686, K00808, K00816, K00877, K00926, K10774, K10775, K10944, K10945, K10946, K11182, K11311, K11540, K11541, K11646, K11752, K11779, K11780, K11819, K11991, K12251, K12960, K12968, K13035, K13051, K13064, K13278, K13309, K13371, K13372, K13497, K13501, K13503, K13566, K13950, K13990, K13995, K14048, K14082, K14155, K14286, K14541, K14655, K14662, K14977, K15067, K15228, K15229, K15358, K15371, K15440, K15528, K15766, K15767, K15864, K15876, K15877, K16176, K16177, K16182, K16319, K16320, K16930, K17217, K17468, K17831, K17877, K17950, K17989, K18012, K18014, K18151, K18202, K18248, K18249, K18282, K18286, K18456, K18457, K18540, K18541, K18614, K18913, K19064, K19176, K19244, K19572, K19727, K19744, K19746, K19837, K19885, K20021, K20247, K20498, K20500, K20574, K20757, K20760, K20761, K20762, K20763, K20766, K20806, K20810, K20814, K20896, K20931, K20932, K20933, K20934, K21053, K21062, K21131, K21286, K21576, K21577, K21589, K21593, K21623, K21639, K21672, K21801, K22081, K22082, K22083, K22207, K22327, K22328, K22345, K22452, K22465, K22466, K22589, K22602, K22757, K22896, K22897, K22898, K22899, K22911, K23265, K23359, K23393, K23670, K23998, K24669, K24693, K25271, K25272, K25575, K25578, K25950, K26021, K26030, K26110, K26138, K26139, K26346, K26364, K26913	C00014	ATSDR, PSL	[H]N([H])[H]	16134
Amsacrine	K00157, K25988, K26040, K26042, K26045, K26426	C01553	IARC2B	COc1cc(NS(C)(=O)=O)ccc1Nc1c2ccccc2nc2ccccc12	2687
Anthracene	K14578, K14579, K14580, K14581	C14315	PSL, EPA, WFD, EPC, ATSDR	c1ccc2cc3ccccc3cc2c1	35298
Anthracene-cis-1,2-dihydrodiol	K14578, K14579, K14580, K14581, K14582	C16203	EPC, ATSDR, WFD, PSL	O[C@H]1C=Cc2cc3ccccc3cc2[C@H]1O	80375
Aristolochic acid	K14621, K14674, K16342, K16343, K16817	C08469	IARC1	COc1cccc2c1cc([N+]([O-])=O)c1c(cc3OCOc3c21)C(O)=O	2825
Aromatic primary alcohol	K00055	C03485	PSL	OCc1ccccc1	17987
Arsenous oxide	K00386	C13619	ATSDR	O[As](O)O	49900
Arylmercury	K19357, K20542	C01783	WFD, EPC	[Hg+]c1ccccc1	30787
Auramine	K15733	C19193	IARC2B	CN(C)c1ccc(cc1)C(=N)c1ccc(cc1)N(C)C	51874
Aziridine	K00623, K18649	C11687	IARC2B	C1CN1	30969
Barium cation	K20206	C13881	ATSDR	[Ba++]	37136
Bentazone	K00490	C10965	WFD	CC(C)N1C(=O)c2ccccc2NS1(=O)=O	3018
Benz[a]anthracene	K14579, K14580, K20205	C14317	EPA, IARC2B, ATSDR, CONAMA	c1ccc2cc3c(ccc4ccccc34)cc2c1	51348
Benzene	K16242, K16243, K16244, K16245, K16246, K16249, K16268, K18089, K18090	C01407	PSL, CONAMA, IARC1, EPA, EPC, ATSDR, WFD	c1ccccc1	16716
Benzidine	K00404, K00421, K00430, K00431, K00622, K10788, K11188, K12550, K19511	C16444	ATSDR, IARC1, PSL, EPA	C1=C(C=CC(=C1)C=2C=CC(=CC2)N)N	80495
Benzo[a]pyrene	K00490, K14338, K14578, K14579, K14580, K14581, K17685, K17687, K17689, K17690, K17691, K17692, K17712, K17718, K17719, K17720, K17728, K17729, K17730	C07535	IARC1, CONAMA, PSL, WFD, EPC, ATSDR, EPA	c1ccc2c(c1)cc1ccc3cccc4ccc2c1c34	29865
Benzo[a]pyrene-cis-9,10-dihydrodiol	K14578, K14579, K14580, K14581, K14582	C18276	ATSDR, PSL, WFD, EPC	O[C@@H]1C=Cc2cc3ccc4cccc5ccc(c2[C@@H]1O)c3c45	81627
Benzo[b]fluoranthene	K14579, K14580	C14320	EPC, EPA, IARC2B, ATSDR	c1ccc-2c(c1)-c1cccc3c4ccccc4cc-2c13	34565
Benzo[ghi]perylene	K14579, K14580, K17990, K20205	C14318	EPA, CONAMA, EPC	c1cc2ccc3ccc4ccc5cccc6c(c1)c2c3c4c56	34568
Benzo[j]fluoranthene	K14579, K14580	C19196	IARC2B	c1ccc2c-3c(ccc2c1)-c1cccc2cccc-3c12	82291
Benzo[k]fluoranthene	K00431, K13381, K20547, K26440	C14321	EPA, EPC, ATSDR, IARC2B	c1ccc2cc-3c(cc2c1)-c1cccc2cccc-3c12	34569
Benzofuran	K00064, K00212	C14512	IARC2B	c1cc2ccccc2o1	35260
Benzophenone	K00431, K00463, K12644, K16216, K22368	C06354	IARC2B	O=C(C1=CC=CC=C1)C1=CC=CC=C1	41308
Benzoyl chloride	K00458	C19168	IARC2A	ClC(=O)C1=CC=CC=C1	82275
Benzoyl cyanide	K21270	C21329	WFD	NA	NA
Benzyl alcohol	K00055, K15757, K15758, K15760, K15761, K15762, K15763, K15764, K15765, K19861, K21380	C00556	PSL	OCc1ccccc1	17987
Bergapten	K21550	C01557	IARC2A	COc1c2ccoc2cc2oc(=O)ccc12	18293
Bromide	K00217, K22692	C01324	ATSDR	[Br-]	15858
Bromoform	K21647	C14707	EPA, ATSDR	[H]C(Br)(Br)Br	38682
Butylbenzyl phthalate	K00545, K18068	C14211	ATSDR, EPA, PSL	CCCCOC(=O)c1ccccc1C(=O)OCc1ccccc1	34595
CO	K00192, K00193, K00194, K00195, K00196, K00197, K00198, K00510, K14138, K14331, K15023, K15404, K20209, K21418, K21480, K21821	C00237	ATSDR	[C-]#[O+]	17245
Cacodylate	K00019, K00089, K00133, K00683, K20023, K22757	C07308	ATSDR, IARC2B	C[As](C)([O-])=O	16223
Cadmium chloride	K00070, K10747, K10776, K10777, K16045, K18951, K26407, K26425, K26441, K26530	C15233	WFD, PSL, EPC	Cl[Cd]Cl	35456
Caffeate	K00505, K13066, K18368, K20039	C01197	IARC2B	OC(=O)\C=C\c1ccc(O)c(O)c1	16433
Captafol	K00652	C18754	IARC2A	ClC(Cl)C(Cl)(Cl)SN1C(=O)C2CC=CCC2C1=O	81938
Carbazole	K15751, K15752, K15753	C08060	IARC2B, ATSDR	c1ccc2c(c1)[nH]c1ccccc21	27543
Carbon disulfide	K20499	C19033	PSL, ATSDR	S=C=S	23012
Carbon tetrachloride	K00384, K00789, K00866, K00933, K10759, K11204, K11751, K14156, K19283, K19970, K21647, K22182, K25657	C07561	IARC2B, EPC, CONAMA, EPA, ATSDR	ClC(Cl)(Cl)Cl	27385
Catechol	K00078, K00212, K00422, K00446, K00480, K00505, K00545, K11311, K14333, K14578, K14579, K14580, K14581, K16242, K16243, K16244, K16245, K16246, K16249, K16269, K16319, K16320, K18248, K18249, K20808, K20809, K22717, K23526, K23527	C00090	PSL, EPC, ATSDR, IARC2B, WFD	Oc1ccccc1O	18135
Chloral	K00490, K14338, K17685, K17687, K17690, K17691, K17692, K17712, K17718, K17720, K17728, K17729, K17730	C14866	IARC2A	[H]C(=O)C(Cl)(Cl)Cl	48814
Chloral hydrate	K00001, K00121, K00129, K11440, K13951, K13952, K13953, K13954, K13980, K18857	C06899	IARC2A	OC(O)C(Cl)(Cl)Cl	28142
Chloramine	K11065, K11187, K13279, K14171, K20011, K23856, K24157, K24158	C19359	PSL	NCl	82415
Chloramphenicol	K00638, K19271, K24704	C00918	IARC2A	C1=C([C@H]([C@H](NC(C(Cl)Cl)=O)CO)O)C=CC(=C1)[N+]([O-])=O	17698
Chlordecone	K00037	C01792	ATSDR, IARC2B	ClC1(Cl)C2(Cl)C3(Cl)C4(Cl)C(=O)C5(Cl)C3(Cl)C1(Cl)C5(Cl)C24Cl	16548
Chlorobenzene	K16268, K18089, K18090	C06990	EPA, ATSDR, CONAMA, PSL	Clc1ccccc1	28097
Chloroethane	K10944	C18248	ATSDR, EPA	CCCl	47554
Chloroform	K24041	C13827	IARC2B, ATSDR, EPA, CONAMA, PSL, EPC, WFD	[H]C(Cl)(Cl)Cl	35255
Chlorothalonil	K11216, K14418	C11037	IARC2B	Clc1c(Cl)c(C#N)c(Cl)c(C#N)c1Cl	3639
Chlorpyrifos	K00659, K00686, K00799, K10804, K10805, K13299, K21253, K21264, K21265, K21888, K22452, K23790, K25210	C14322	ATSDR, EPC, WFD	CCOP(=S)(OCC)Oc1nc(Cl)c(Cl)cc1Cl	34631
Chlorpyrifos-methyl	K14263	C14520	EPC	COP(=S)(OC)Oc1nc(Cl)c(Cl)cc1Cl	34632
Chrysene	K14579, K14580, K20205	C14222	IARC2B, ATSDR, CONAMA, EPA	c1ccc2c(c1)ccc1c3ccccc3ccc21	51687
Cobaltous sulfate	K11645, K16305, K16306, K19572	C17383	IARC2B	[Co++].[O-]S([O-])(=O)=O	53470
Copper	K00404, K12956, K15408, K15862, K17686, K27109	C00070	PSL, EPA, ATSDR	[Cu]	28694
Cumene	K16268	C14396	IARC2B	CC(C)c1ccccc1	34656
Cyanide ion	K10814, K10815, K10816, K13033, K13034, K14577, K14618, K20802	C00177	WFD, EPA, ATSDR	[C-]#N	17514
Cyclohexyl isocyanide	K18199	C11520	WFD	[C-]#[N+]C1CCCCC1	17966
Cyclophosphamide	K17689, K17709, K17719, K17721	C07888	IARC1	ClCCN(CCCl)P1(=O)NCCCO1	4027
Cyclopiazonic acid	K15393	C03032	IARC2B	[H][C@@]12N(C(=O)\C(C1=O)=C(\C)O)C(C)(C)[C@]1([H])Cc3cccc4[nH]cc(c34)[C@]21[H]	17734
Cyclosporin A	K18104	C05086	IARC1	CC[C@@H]1NC(=O)[C@H]([C@H](O)[C@H](C)C\C=C\C)N(C)C(=O)[C@H](C(C)C)N(C)C(=O)[C@H](CC(C)C)N(C)C(=O)[C@H](CC(C)C)N(C)C(=O)[C@@H](C)NC(=O)[C@H](C)NC(=O)[C@H](CC(C)C)N(C)C(=O)[C@@H](NC(=O)[C@H](CC(C)C)N(C)C(=O)CN(C)C1=O)C(C)C	4031
Cypermethrin	K00036, K00688, K00799, K00823, K11915, K13299, K13524, K14379, K14395, K14410, K14497, K14501, K15498, K15743, K18104, K19283, K19284, K20992, K20993, K21253, K21264, K21265, K21888, K21946, K23458, K23534, K23790, K25210	C10984	EPC	CC1(C)C(C=C(Cl)Cl)C1C(=O)OC(C#N)c1cccc(Oc2ccccc2)c1	4042
DDT	K22678	C04623	ATSDR, IARC2A, CONAMA, EPA, IARC2B, EPC	Clc1ccc(cc1)C(c1ccc(Cl)cc1)C(Cl)(Cl)Cl	16130
Danthron	K00344, K00355, K00359, K00383, K00384, K00528, K00907, K12357, K15941, K19247, K19267, K21567, K22182, K23550, K23842	C10312	IARC2B	Oc1cccc2C(=O)c3cccc(O)c3C(=O)c12	3682
Daunorubicin	K15954, K15955, K15956	C01907	IARC2B	COc1cccc2C(=O)c3c(O)c4C[C@](O)(C[C@H](O[C@H]5C[C@H](N)[C@H](O)[C@H](C)O5)c4c(O)c3C(=O)c12)C(C)=O	41977
Di(2-ethylhexyl) adipate	K15680, K22418	C14240	ATSDR	CCCCC(CC)COC(=O)CCCCC(=O)OCC(CC)CCCC	34675
Di-n-octyl phthalate	K00070, K00545, K16045, K18068, K26407	C14227	EPA, PSL	CCCCCCCCOC(=O)c1ccccc1C(=O)OCCCCCCCC	34679
Dibenz[a,h]anthracene	K00431, K14579, K14580, K20205	C14325	CONAMA, ATSDR, EPA	c1ccc2c(c1)ccc1cc3c(ccc4ccccc34)cc21	35299
Dibenzo-p-dioxin	K14599, K14600, K22715, K22716	C07732	WFD, EPC	O1c2ccccc2Oc2ccccc12	28891
Dibenzo[1,4]dioxin-2,3-dione	K00422	C03861	EPC, WFD	O=c1cc2oc3ccccc3oc2cc1=O	17036
Dibenzo[a,h]pyrene	K14579, K14580	C19222	IARC2B	c1ccc2c(c1)cc1ccc3c4ccccc4cc4ccc2c1c34	82313
Dibenzofuran	K14599, K14600, K22715, K22716	C07729	ATSDR	c1ccc2c(c1)oc1ccccc21	28145
Dibromoacetonitrile	K00106	C19396	IARC2B	BrC(Br)C#N	82445
Dibutyl phthalate	K00070, K00545, K12298, K14674, K15680, K15743, K16045, K18068, K22418, K26407	C14214	PSL, CONAMA, ATSDR, EPA	CCCCOC(=O)c1ccccc1C(=O)OCCCC	34687
Dichloromethane	K17070	C02271	WFD, EPA, EPC, IARC2A, ATSDR, CONAMA, PSL	[H]C([H])(Cl)Cl	15767
Dichlorvos	K00799, K13278, K13299, K13333, K13334, K14379, K15743, K21253, K21264, K21265, K23790, K25210	C14430	ATSDR, EPC, IARC2B	COP(=O)(OC)OC=C(Cl)Cl	34690
Diethyl phthalate	K12298, K13616, K14073, K14074, K14075, K14076, K14452, K14674, K14675, K18068	C14175	EPA	CCOC(=O)c1ccccc1C(=O)OCC	34698
Diethylstilbestrol	K00089, K13368, K13369, K13370	C07620	IARC1	CC\C(c1ccc(O)cc1)=C(\CC)c1ccc(O)cc1	41922
Digoxin	K00383, K18053, K18104	C06956	IARC2B	[H][C@]12CC[C@]3([H])[C@]([H])(C[C@@H](O)[C@]4(C)[C@H](CC[C@]34O)C3=CC(=O)OC3)[C@@]1(C)CC[C@@H](C2)O[C@H]1C[C@H](O)[C@H](O[C@H]2C[C@H](O)[C@H](O[C@H]3C[C@H](O)[C@H](O)[C@@H](C)O3)[C@@H](C)O2)[C@@H](C)O1	4551
Dimethyl phthalate	K18068	C11233	CONAMA, EPA	COC(=O)c1ccccc1C(=O)OC	4609
Disperse Blue 1	K15733	C19236	IARC2B	Nc1ccc(N)c2C(=O)c3c(N)ccc(N)c3C(=O)c12	82325
Disulfoton	K00485, K14520, K17991	C18400	ATSDR	CCOP(=S)(OCC)SCCSCC	38661
Diuron	K00036, K00284, K00490, K22993, K24702, K24703	C18428	WFD, ATSDR, EPC	CN(C)C(=O)Nc1ccc(Cl)c(Cl)c1	116509
Doxorubicin	K15955	C01661	IARC2A	COc1cccc2C(=O)c3c(O)c4C[C@](O)(C[C@H](O[C@H]5C[C@H](N)[C@H](O)[C@H](C)O5)c4c(O)c3C(=O)c12)C(=O)CO	28748
Endosulfan	K00799, K13299, K15680, K18104, K21253, K21264, K21265, K21888, K22418, K23790, K25210	C11090	WFD, ATSDR, EPC, EPA	ClC1=C(Cl)C2(Cl)C3COS(=O)OCC3C1(Cl)C2(Cl)Cl	4791
Epichlorohydrin	K00457, K00494, K00799, K10944, K12298, K13299, K15854, K16157, K16158, K16159, K16161, K16860, K17717, K18068, K21016, K21106, K21253, K21264, K21265, K21820, K22368	C14449	IARC2A	ClCC1CO1	37144
Ethanol	K00001, K00002, K00114, K00119, K00121, K11440, K12957, K13951, K13952, K13953, K13954, K13979, K13980, K14028, K14029, K18857, K22473, K22474, K22586	C00469	IARC1	CCO	16236
Ethyl acrylate	K00251, K20143, K22419	C19238	IARC2B	CCOC(=O)C=C	82327
Ethyl methanesulfonate	K00560, K13998, K18053, K26047	C19239	IARC2B	CCOS(C)(=O)=O	23994
Ethylbenzene	K10700, K14578, K14579, K14580, K14581, K14748, K14749, K14750, K17048, K17049	C07111	IARC2B, EPA, CONAMA, ATSDR	CCc1ccccc1	16101
Ethylene glycol	K00048, K21105, K22368, K26209	C01380	PSL	OCCO	30742
Ethylene oxide	K22353, K22354, K22355, K22356, K22357, K22358, K22359, K22360, K22361, K22362, K22363, K22368	C06548	PSL, IARC1	C1CO1	27561
Etoposide	K00432, K00654, K00699, K00893, K17689, K18053, K18104	C01576	IARC1	[H][C@]12COC(=O)[C@]1([H])[C@H](c1cc(OC)c(O)c(OC)c1)c1cc3OCOc3cc1[C@H]2O[C@@H]1O[C@@H]2CO[C@@H](C)O[C@H]2[C@H](O)[C@H]1O	4911
Fluoranthene	K00430, K00433, K00490, K10788, K11188, K12550, K14579, K14580, K15751, K15752, K15753, K17990, K19511, K20205, K21201, K21569	C19425	EPA, WFD, ATSDR, EPC	c1ccc-2c(c1)-c1cccc3cccc-2c13	33083
Fluoren-9-ol	K14578, K14579, K14580, K14581, K14599, K14600, K14601	C06711	WFD, PSL, ATSDR, EPC	OC1c2ccccc2-c2ccccc12	16904
Fluoren-9-one	K14599, K14600, K14601	C06712	ATSDR, PSL, WFD, EPC	O=C1c2ccccc2-c2ccccc12	17922
Fluorene	K14578, K14579, K14580, K14581, K14599, K14600	C07715	EPC, WFD, PSL, EPA, ATSDR	C1C2=CC=CC=C2C2=CC=CC=C12	28266
Formaldehyde	K00093, K00148, K00276, K00299, K00301, K00302, K00303, K00304, K00305, K00306, K00317, K00430, K00478, K00479, K00490, K00606, K10713, K10765, K10766, K10788, K11188, K11445, K11446, K11447, K11448, K11450, K12550, K13812, K13831, K14028, K14029, K14338, K14975, K14976, K15060, K15228, K15229, K15601, K15762, K15765, K16914, K16967, K16968, K16969, K17066, K17067, K17068, K17070, K17100, K17228, K17285, K17685, K17687, K17689, K17690, K17691, K17692, K17712, K17718, K17720, K17728, K17729, K17730, K19191, K19415, K19511, K19799, K19885, K21201, K21722, K21723, K21724, K21760, K21832, K21833, K21834, K22084, K22085, K22086, K22087, K22342, K22343, K22344, K22553, K22952, K22953, K23526, K23527, K23670, K23742, K23995, K24003, K24244, K24245, K24444, K24702, K24703, K25960, K25961	C00067	PSL, IARC1, ATSDR	[H]C([H])=O	16842
Glu-P-1	K00675	C19244	IARC2B	Cc1cccn2c1nc1ccc(N)nc21	82330
Glycidaldehyde	K00600	C19246	IARC2B	O=CC1CO1	82332
Glycol	K22368	C15588	PSL	OCCO	30742
Heptachlor	K00431, K00888, K13711, K19801	C14185	ATSDR, EPA, IARC2B, EPC	ClC1C=CC2C1C1(Cl)C(Cl)=C(Cl)C2(Cl)C1(Cl)Cl	34785
Hexachloroethane	K00494, K15854, K21647	C19248	ATSDR, EPA, IARC2B	ClC(Cl)(Cl)C(Cl)(Cl)Cl	39227
Hg	K00520	C01319	EPA, ATSDR	[Hg]	16170
Hydrazine	K00531, K00622, K15743, K20932, K20933, K20934, K20935, K24085	C05361	IARC2A, ATSDR	NN	15571
Hydrochlorothiazide	K00287, K13938, K13998, K18104, K18589, K18590, K18591, K19643, K19644, K19645	C07041	IARC2B	NS(=O)(=O)c1cc2c(NCNS2(=O)=O)cc1Cl	5778
Hydrogen cyanide	K00799, K10675, K10814, K10815, K10816, K13033, K13034, K13299, K14577, K18282, K20559, K20802, K21253, K21264, K21265, K21888, K23790, K25210	C01326	ATSDR	C#N	18407
Indeno[1,2,3-cd]pyrene	K20205	C19251	CONAMA, ATSDR, EPA, IARC2B, EPC	c1ccc2c(c1)c1ccc3ccc4cccc5cc2c1c3c45	82335
Iodine	K00431	C01382	ATSDR	II	17606
Isophorone	K14730, K15091, K21730, K23020	C14743	EPA	CC1=CC(=O)CC(C)(C)C1	34800
Isoprene	K12742	C16521	IARC2B	CC(=C)C=C	35194
Isoproturon	K24702, K24703	C11005	EPC, WFD	CC(C)c1ccc(NC(=O)N(C)C)cc1	6049
Lead	K00001, K15435	C06696	ATSDR, EPC, IARC2A, EPA, WFD	[Pb]	25016
Lead nitrate	K00383, K00421, K00520, K00618, K00619, K00620, K00845, K11821, K13465, K14085, K18915, K20205	C15234	EPC, WFD	[O-][N+](=O)O[Pb]O[N+]([O-])=O	37187
Lindane	K15236	C07075	ATSDR	Cl[C@H]1[C@H](Cl)[C@@H](Cl)[C@@H](Cl)[C@H](Cl)[C@H]1Cl	32888
Manganese(2+)	K20205, K22348, K22349, K22350	C19610	ATSDR	NA	NA
Melamine	K21593	C08737	IARC2B	Nc1nc(N)nc(N)n1	27915
Mercuric chloride	K00001, K00005, K00008, K00459	C13377	ATSDR, WFD	Cl[Hg]Cl	31823
Mercury(2+)	K00221, K00520	C00703	WFD, EPC	[Hg++]	16793
Merphalan	K00078, K00212, K14213, K18104	C19256	IARC2B	NC(Cc1ccc(cc1)N(CCCl)CCCl)C(O)=O	82339
Methane	K00221, K00399, K00401, K00402, K10944, K10945, K10946, K16157, K16158, K16159, K16160, K16161, K16162	C01438	ATSDR	[H]C([H])([H])[H]	16183
Methoxychlor	K00037, K00070, K00089, K00212, K00498, K15680, K16045, K19811, K22418, K22678, K26407	C11043	ATSDR	COc1ccc(cc1)C(c1ccc(OC)cc1)C(Cl)(Cl)Cl	6842
Methyl bromide	K00567, K10778, K13531, K17070, K21552, K22678	C18447	EPA	[H]C([H])([H])Br	39275
Methyl chloride	K10944, K10945, K10946, K16157, K16158, K16159, K16160, K16161, K16162, K21552, K21647	C19446	ATSDR, EPA	[H]C([H])([H])Cl	36014
Methyl ethyl ketone	K14577	C02845	ATSDR	CCC(C)=O	28398
Methyl isobutyl ketone	K00001, K00263, K00274, K00824, K13033, K17760, K20802, K21835	C19263	IARC2B	CC(C)CC(C)=O	82344
Methyl tert-butyl ether	K00001, K00496, K21016, K21820	C11344	PSL	COC(C)(C)C	27642
Methyleugenol	K17057, K17058	C10454	IARC2B	COc1ccc(CC=C)cc1OC	4918
Methylmercury	K00221	C18672	IARC2B, ATSDR, EPC, WFD	C[Hg+]	49747
Methylmercury chloride	K00221, K00248, K00249, K00255, K00287, K11204, K13938, K13998, K14208, K17624, K18589, K18590, K18591, K19643, K19644, K19645	C11146	IARC2B, EPC, WFD	C[Hg]Cl	28216
Methylnitrosourea	K00157, K11121, K11411, K11412, K11413, K11414, K11415, K11416, K11417, K12410	C14595	IARC2A	CN(N=O)C(N)=O	50102
Microcystin LR	K13299, K18498, K21253, K21264, K21265, K21888, K23790, K25210	C05371	IARC2B	C([C@H](OC)[C@@H](C)/C=C(\C)/C=C/[C@@]1(NC([C@H](CCCNC(=N)N)NC([C@H]([C@H](C(O)=O)NC([C@H](CC(C)C)NC([C@@H](C)NC(C(N(C(CC[C@@H](NC([C@H]1C)=O)C(O)=O)=O)C)=C)=O)=O)=O)C)=O)=O)[H])C=2C=CC=CC2	6925
Mitomycin	K00463, K00758, K00807, K13240, K13241, K13242, K13427, K18053, K19267, K19551, K23842	C06681	IARC2B	[H][C@]12CN3C4=C([C@@H](COC(N)=O)[C@@]3(OC)[C@@]1([H])N2)C(=O)C(N)=C(C)C4=O	27504
Mitoxantrone	K00079, K00081, K00084, K00327, K00430, K00523, K00907, K10788, K11188, K12452, K12550, K14338, K18104, K19511, K21201, K23515	C11195	IARC2B	OCCNCCNc1ccc(NCCNCCO)c2C(=O)c3c(O)ccc(O)c3C(=O)c12	50729
Myrcene	K12467, K20614, K21069, K21925	C06074	IARC2B	CC(C)=CCCC(=C)C=C	17221
N'-Nitrosonornicotine	K00490, K17685, K17687, K17690, K17691, K17692, K17712, K17718, K17720, K17728, K17729, K17730	C16452	IARC1	O=NN1CCCC1c1cccnc1	80502
N,N-Dimethylaniline	K00485	C02846	ATSDR	CN(C)c1ccccc1	16269
N,N-Dimethylformamide	K25305	C03134	IARC2A, ATSDR, PSL	[H]C(=O)N(C)C	17741
N-Methyl-N'-nitro-N-nitrosoguanidine	K00157, K11687, K13529, K18053	C14592	IARC2A	CN(N=O)C(=N)N[N+]([O-])=O	21759
N-Nitrosodiethylamine	K00699	C14422	IARC2A	CCN(CC)N=O	34873
N-Nitrosodimethylamine	K00213	C14704	PSL, ATSDR, IARC2A, EPA	CN(C)N=O	35807
N-Nitrosomorpholine	K00368	C19283	IARC2B	O=NN1CCOCC1	76326
Nafenopin	K11262, K11263, K15036, K18472, K18603, K18604, K19312, K22568	C11371	IARC2B	NA	NA
Naphthalene	K00490, K14338, K14578, K14579, K14580, K14581, K17683, K17685, K17687, K17689, K17690, K17691, K17692, K17709, K17712, K17718, K17720, K17728, K17729, K17730	C00829	EPA, EPC, ATSDR, CONAMA, WFD, IARC2B	c1ccc2ccccc2c1	16482
Naphthalene-1,2-diol	K00078, K00212, K00480, K14582, K14583	C03012	EPC, PSL, ATSDR, WFD	Oc1ccc2ccccc2c1O	17435
Nickel chloride	K11725	C14711	WFD, PSL, EPC	Cl[Ni]Cl	34887
Nickel(2+)	K22011	C19609	PSL, EPC	NA	NA
Nickel-sirohydrochlorin	K22011, K22012	C21510	PSL	C=12[C@H]([C@@](CC(O)=O)(C)C=3[N+]1[Ni-2]45N6C(C3)=C(C(CCC(O)=O)=C6C=C7[N+]5=C(C=C8N4C(=C2)[C@]([C@@H]8CCC(O)=O)(CC(O)=O)C)C(=C7CCC(O)=O)CC(O)=O)CC(O)=O)CCC(O)=O	137678
Nickel-sirohydrochlorin a,c-diamide	K21610, K21611, K22012	C21511	PSL	C=12[C@H]([C@@](CC(N)=O)(C)C=3[N+]1[Ni-2]45N6C(C3)=C(C(CCC(O)=O)=C6C=C7[N+]5=C(C=C8N4C(=C2)[C@]([C@@H]8CCC(O)=O)(CC(N)=O)C)C(=C7CCC(O)=O)CC(O)=O)CC(O)=O)CCC(O)=O	137696
Nitrate	K00360, K00367, K00370, K00371, K00372, K00374, K22962	C00244	ATSDR	O[N+]([O-])=O	48107
Nitrilotriacetic acid	K20147	C14695	IARC2B	OC(=O)CN(CC(O)=O)CC(O)=O	44557
Nitrite	K00360, K00361, K00362, K00363, K00366, K00367, K00368, K00370, K00371, K00372, K00374, K00459, K14578, K14579, K14580, K14581, K15864, K15876, K17877, K18250, K19823, K20764, K21683, K21725, K22962, K25597, K25598, K26138, K26139	C00088	ATSDR	[O-]N=O	16301
Nitrobenzene	K14578, K14579, K14580, K14581, K15057	C06813	IARC2B, EPA	[O-][N+](=O)c1ccccc1	27798
Nitrofen	K00231	C11065	IARC2B	C=1(C(=CC(Cl)=CC1)Cl)OC=2C=CC(=CC2)[N+]([O-])=O	7590
Nitrogen mustard	K00130, K00383, K14085, K17755	C07115	IARC2A	CN(CCCl)CCCl	28925
Nitromethane	K00459, K00496, K13033, K16157, K16158, K16159, K16160, K16161, K16162, K20802	C19275	IARC2B	C[N+]([O-])=O	77701
Ochratoxin A	K18104	C09955	IARC2B	C[C@@H]1CC2=C(Cl)C=C(C(=O)N[C@@H](CC3=CC=CC=C3)C(O)=O)C(O)=C2C(=O)O1	7719
Oxazepam	K00699	C07359	IARC2B	OC1N=C(c2ccccc2)c2cc(Cl)ccc2NC1=O	7823
Parathion	K00490, K14338, K17685, K17687, K17690, K17691, K17692, K17712, K17718, K17720, K17728, K17729, K17730	C06604	ATSDR, IARC2B	CCOP(=S)(OCC)Oc1ccc(cc1)[N+]([O-])=O	27928
Perfluorooctanesulfonic acid	K00232, K00431, K15680, K22418	C18142	WFD, ATSDR, EPC	OS(=O)(=O)C(F)(F)C(F)(F)C(F)(F)C(F)(F)C(F)(F)C(F)(F)C(F)(F)C(F)(F)F	39421
Phenacetin	K00622, K00669, K14213, K22450	C07591	IARC2A	C=1C=C(OCC)C=CC1NC(C)=O	8050
Phenanthrene	K11943, K11944	C11422	ATSDR, CONAMA, EPA, EPC, WFD, PSL	c1ccc2c(c1)ccc1ccccc21	28851
Phenanthrene-3,4-diol	K11945, K18257	C03164	WFD, EPC, PSL, ATSDR	Oc1ccc2ccc3ccccc3c2c1O	16760
Phenobarbital	K00002, K00490, K17685, K17687, K17690, K17691, K17692, K17712, K17718, K17720, K17728, K17729, K17730	C07434	IARC2B	CCC1(C(=O)NC(=O)NC1=O)c1ccccc1	8069
Phenol	K10804, K16239, K16242, K16243, K16244, K16245, K16246, K16249, K21299, K21759, K25936, K25937, K25938	C00146, C15584	CONAMA, EPA, ATSDR, PSL	Oc1ccccc1	15882
Phenolphthalein	K00037, K00327, K13374, K14338	C14286	IARC2B	Oc1ccc(cc1)C1(OC(=O)c2ccccc12)c1ccc(O)cc1	34914
Phenyl glycidyl ether	K22368	C19291	IARC2B	C(Oc1ccccc1)C1CO1	82367
Phenylmercury acetate	K00366, K00421, K00518, K16627	C11151	WFD, EPC	CC(=O)O[Hg]c1ccccc1	27684
Phenylmethanesulfonyl fluoride	K00001, K00024, K00025, K00026	C06747	PSL	FS(=O)(=O)Cc1ccccc1	8102
Phenytoin	K00002, K00011, K00079, K00081, K00084	C07443	IARC2B	O=C1NC(=O)C(N1)(c1ccccc1)c1ccccc1	8107
Phorate	K00485, K17991	C18690	ATSDR	CCOP(=S)(OCC)SCSCC	38764
Phthalate	K14604, K15733, K16269, K18068, K18069, K18251, K18252, K18253, K18254, K18275	C01606	EPC, ATSDR, WFD, PSL	[O-]C(=O)c1ccccc1C([O-])=O	17563
Phthalate 3,4-cis-dihydrodiol	K18251, K18252, K18253, K18254, K18255	C18314	WFD, ATSDR, EPC, PSL	O[C@H]1C=CC(C(O)=O)=C([C@H]1O)C(O)=O	81665
Pioglitazone	K00011, K00069, K00274, K00654, K00914	C07675	IARC2A	CCc1ccc(CCOc2ccc(CC3SC(=O)NC3=O)cc2)nc1	8228
Poly(ethylene terephthalate)	K21104	C21451	PSL, WFD, EPC, ATSDR	NA	NA
Propylthiouracil	K00326, K00327, K00431, K13240, K13241, K13242, K13427, K14338, K17904	C07569	IARC2B	CCCc1cc(=O)[nH]c(=S)[nH]1	8502
Pulegone	K15092, K15093	C09893	IARC2B	C[C@@H]1CCC(C(=O)C1)=C(C)C	35596
Pyridine	K10811	C00747	IARC2B	c1ccncc1	16227
Salicylate	K00152, K00480, K12238, K14578, K14581, K18242, K18243, K21483, K21484, K22717, K24408	C00805	PSL, EPC, WFD, ATSDR	OC(=O)c1ccccc1O	16914
Sodium arsenite	K00128, K00149, K00265, K00266, K00394, K00395, K00515, K14677, K21731, K21817, K22619, K23528	C11906	ATSDR	[Na+].[O-][As]=O	29678
Sodium fluoride	K00002, K00024, K00025, K00026	C08142	PSL	[F-].[Na+]	28741
Sterigmatocystin	K17649, K17650	C00961	IARC2B	[H][C@]12OC=C[C@@]1([H])c1c(O2)cc(OC)c2c1oc1cccc(O)c1c2=O	18227
Streptozocin	K00544, K00624, K15719, K17217, K22278, K22391	C07313	IARC2B	CN(N=O)C(=O)N[C@H]1[C@@H](O)O[C@H](CO)[C@@H](O)[C@@H]1O	9288
Strontium cation	K00114, K00128, K14028, K14029	C13884	ATSDR	[Sr++]	35104
Styrene	K14481, K14482, K14578, K14579, K14580, K14581, K20039	C07083	PSL, IARC2A, CONAMA	C=Cc1ccccc1	27452
Styrene oxide	K18312	C02083	IARC2A	C1OC1c1ccccc1	17907
Sulfasalazine	K00069, K00569, K00927, K11444, K13069, K13590, K18967, K18968, K20954, K20955, K20956, K20957, K20958, K20959, K20960, K21019, K21020, K21021, K21022, K21023, K21084, K21085, K21088	C07316	IARC2B	OC(=O)c1cc(ccc1O)\N=N\c1ccc(cc1)S(=O)(=O)Nc1ccccn1	9334
Tamoxifen	K00485, K00490, K14338, K17685, K17687, K17689, K17690, K17691, K17692, K17712, K17718, K17719, K17720, K17728, K17729, K17730	C07108	IARC1	CC\C(c1ccccc1)=C(/c1ccccc1)c1ccc(OCCN(C)C)cc1	41774
Terephthalate	K18074, K18075, K18077, K21105	C06337	WFD, ATSDR, PSL, EPC	OC(=O)c1ccc(cc1)C(O)=O	15702
Tetrachloroethene	K21647, K21648	C06789	EPC, IARC2A, EPA, ATSDR, PSL, CONAMA	ClC(Cl)=C(Cl)Cl	17300
Tetranitromethane	K00033, K00069, K00278, K00467, K00637	C19300	IARC2B	[O-][N+](=O)C([N+]([O-])=O)([N+]([O-])=O)[N+]([O-])=O	82372
Thioacetamide	K00001, K00384, K11204, K11751, K16157, K16158, K16159, K16160, K16161, K16162, K20807, K21456, K22182, K23359	C19302	IARC2B	CC(N)=S	32497
Thiocyanate	K20760, K20761, K20762, K24299	C01755	ATSDR	SC#N	29200
Thiouracil	K00431, K00433, K00569, K00613, K00761, K00823, K13524, K14268, K16329, K16330, K17904, K17990	C19304	IARC2B	O=c1cc[nH]c(=S)[nH]1	348530
Toluene	K15757, K15758, K15760, K15761, K15762, K15763, K15764, K15765, K16242, K16243, K16244, K16245, K16246, K16249, K16268, K18089, K18090	C01455	PSL, ATSDR, EPA, CONAMA	Cc1ccccc1	17578
Tributyltin chloride	K11265, K22944	C15224	EPC, WFD	CCCC[Sn](Cl)(CCCC)CCCC	79734
Tributyltin oxide	K14621, K14674, K16342, K16343, K16817	C18149	WFD, EPC	CCCC[Sn](CCCC)(CCCC)O[Sn](CCCC)(CCCC)CCCC	81543
Trichloroacetate	K00129	C11150	IARC2B	OC(=O)C(Cl)(Cl)Cl	30956
Trichloroethene	K00490, K00799, K13299, K14338, K16157, K16158, K16159, K16161, K16268, K17685, K17687, K17690, K17691, K17692, K17712, K17718, K17720, K17728, K17729, K17730, K18089, K18090, K21253, K21264, K21265, K21647, K21648, K21888, K23790, K25210	C06790	PSL, EPA, IARC1, CONAMA, EPC, ATSDR	ClC=C(Cl)Cl	16602
Trifluralin	K00490, K17685, K17687, K17690, K17691, K17692, K17712, K17718, K17720, K17728, K17729, K17730	C14343	ATSDR, WFD, EPC	CCCN(CCC)c1c(cc(cc1[N+]([O-])=O)C(F)(F)F)[N+]([O-])=O	35027
Trinitrotoluene	K10678, K10679, K10680	C16391	ATSDR	Cc1c(cc(cc1[N+]([O-])=O)[N+]([O-])=O)[N+]([O-])=O	46053
Trp-P-1	K00774, K00775, K10798, K10799, K15258, K15259, K15260, K15261, K19977, K19980, K26033, K26034, K26035	C19306	IARC2B	Cc1nc(N)c(C)c2[nH]c3ccccc3c12	82376
Trp-P-2	K00774, K00775, K10798, K10799, K15258, K15259, K15260, K15261, K19977, K19980, K24070, K26033, K26034, K26035	C14416	IARC2B	Cc1nc(N)cc2[nH]c3ccccc3c12	34328
Vanadium	K00531, K20206, K22896, K22897, K22898, K22899	C06267	ATSDR	[V]	27698
Vinyl acetate	K00929, K12926, K14452, K14674, K14675, K21016, K22283, K22284	C19309	IARC2B	CC(=O)OC=C	46916
Vinyl chloride	K22353, K22354, K22355, K22356, K22357, K22358, K22359, K22360, K22361, K22362	C06793	EPA, ATSDR, IARC1, CONAMA	ClC=C	28509
Vinyl fluoride	K00574	C19185	IARC2A, PSL	FC=C	51314
Zalcitabine	K00857, K00893, K00927, K00977, K11126, K13378, K13380, K15519, K18104, K21037, K21038, K24802, K25055	C07207	IARC2B	Nc1ccn([C@H]2CC[C@@H](CO)O2)c(=O)n1	10101
Zidovudine	K00330, K00331, K00332, K00333, K00334, K00335, K00336, K00337, K00338, K00339, K00340, K00341, K00342, K00343, K00699, K00757, K00758, K00857, K00943, K11751, K13378, K13380, K19283, K21037, K21038, K26036	C07210	IARC2B	Cc1cn([C@H]2C[C@H](N=[N+]=[N-])[C@@H](CO)O2)c(=O)[nH]c1=O	10110
Zinc cation	K00001, K00002, K00004, K00005, K00006, K00007, K00008, K00009, K21620, K25880	C00038	EPA, ATSDR	[Zn]	27363
alpha-Chlorohydrin	K00005, K00134, K00864, K10705, K19583, K22251, K25224	C18676	IARC2B	OCC(O)CCl	18721
alpha-Hexachlorocyclohexane	K15236	C15214	ATSDR, WFD	Cl[C@H]1[C@H](Cl)[C@@H](Cl)[C@H](Cl)[C@H](Cl)[C@H]1Cl	39096
alpha-Methylstyrene	K14481	C14395	IARC2B	CC(=C)c1ccccc1	35060
cis-1,2-Dichloroethene	K21647, K21648	C06792	CONAMA	Cl\C=C/Cl	28805
cis-2,3-Dihydro-2,3-dihydroxy-4'-chlorobiphenyl	K15750, K18087, K18088	C06585	ATSDR, IARC1	O[C@H]1C=CC=C([C@H]1O)c1ccc(Cl)cc1	28974
cis-4,5-Dihydroxy-4,5-dihydropyrene	K14582	C18249	EPC, ATSDR, WFD, PSL	O[C@H]1[C@@H](O)c2cccc3ccc4cccc1c4c23	81600
cis-4,5-Dihydroxycyclohexa-1(6),2-diene-1,2-dicarboxylate	K18067, K18068, K18069	C04783	EPC, PSL, ATSDR, WFD	O[C@H]1C=C(C(O)=O)C(=C[C@H]1O)C(O)=O	17692
m-Xylene	K15757, K15758	C07208	CONAMA, PSL	Cc1cccc(C)c1	28488
o-Cresol	K16242, K16243, K16244, K16245, K16246, K16249	C01542	ATSDR, EPA	Cc1ccccc1O	28054
o-Xylene	K15757, K15758	C07212	PSL, CONAMA, ATSDR	Cc1ccccc1C	28063
ortho-Anisidine	K10788, K11188, K19511, K21201	C19191	IARC2B	C1=CC=CC(=C1N)OC	82288
ortho-Toluidine	K00421, K00430, K00622, K10788, K10811, K11188, K12550, K14263, K15057, K15743, K19511, K20419	C14403	IARC1	Cc1ccccc1N	66892
p-Xylene	K15757, K15758	C06756	CONAMA, ATSDR, PSL	Cc1ccc(C)cc1	27417
para-Aminoazobenzene	K11142	C19187	IARC2B	Nc1ccc(cc1)\N=N\c1ccccc1	233869
trans-1,2-Dichloroethene	K21647, K21648	C06791	EPA, ATSDR, CONAMA	Cl\C=C\Cl	29027
